Ac,Bkl
Adh,Lwc
Ah,Ahp
Ah,Otb
Ah,Ahz
Ahp,Ahpr
Ahp,Wtv
Ahpr,Vp
Ahz,Est
Akl,Gr
Akm,Gw
Alm,Almp
Almm,Alm
Almb,Almo
Almo,Lls
Almp,Almb
Ampo,Almm
Ampo,Ndb
Ampo,Wp
Amf,Amfs
Amf,Hvl
Amfs,Avat
Aml,Vz
Aml,Amri
Aml,Wdn
Amr,Hlo
Amri,Bn
Amrn,Amr
Ana,Sgn
Apd,Apdm
Apd,Apdo
Apdm,Kbk
Apdo,Twl
Apg,Dzw
Apn,Ldl
Apn,Bsk
Arn,Mdb
Asa,Dvd_hoog
Asb,Ashd
Asb,Dmnz
Asd,Asdm
Asdar,Dmnz
Asdar,Asb
Asdm,Asa
Asdm,Assp
Asdz,Shl
Ashd,Ac
Asn,Hrn
Asd,Shl,ass_hoog
Asd,Asdl,ass_hoog
Asd,ass_laag
ass_hoog,Asdl
ass_laag,Zd
ass_laag,Hwzb
Zd,Asdl
Assp,Dmn
Atn,Vsv
Avat,Nkk
Bd,Gz
Bd,Bdpb
Bd,Hsbdg
Bd,Rtd
Bd,Etn
Bde,Bk
Bdg,Apn
Bdm,Stm
Bdpb,Zlw
Bet,Ehb
Bf,Wfm
Bgn,Rb
Bhdv,Gnd
Bhv,Dld
Bk,Lut
Bkf,Ekz
Bkg,Bkf
Bkl,Mas
Bkl,Wd
Bl,Asn
Bll,Sptz
Bmn,Zp
Bmr,Vlb
Bn,Hgl
Bnc,Ltn
Bnk,Db
Bnn,Bnc
Bp,Gk
Brd,Rlb
Brn,Amf
Brn,Sd
Bsd,Ldm
Bsmz,Hvsm
Bsmz,Hvsn
Bv,Hk
Bzl,Gs
Hbzm,Sdt
Cas,Utg
Ck,Bmr
Cl,Gdm
Co,Dln
Cps,Rta
Cvm,Krd
Da,Vz
Db,Mrn
Ddn,Hglg
Ddr,Ddrs
Ddr,Zwd
Ddrs,Sdtb
Ddzd,Ddr
Dl,Omn
Dld,Amf
Dld,Stz
Dln,Na
Dmn,Wp
Dmnz,Wp
Dn,Hmbh
Dr,Bmn
Drh,Bv
Dron,Kpnz
Drp,Dei
Dt,Dtz
Dtc,Dtch
Dtch,Wl
Dtz,Sdm
Dv,Dvc
Dv,Ost
Dvc,Hon
Dvd_hoog,Asb
Dvd_laag,Rai
Dvd_laag,Dmnz
Dvn,Zv
Dvnk,Vst
Dzw,Dz
Ed,Edc
Ed,Wf
Edn,Mtr
Egh,Cvm
Ehb,Ehv
Ehv,Hmbv
Ehv,Gp
Eml,Hd
Emnz,Emn
Es,Ese
Esd,Es
Ese,Gbr
Est,Za
Est,Nml
Etn,Rsd
Fn,Drp
Gbg,Co
Gd,Wad
Gd,Ztmo
Gd,Nwk
Gdg,Gd
Gdk,Vhp
Gdk,Mrb
Gdm,Bsd
Gdm,Tpsw
Gdm,Zbm
Gdr,Dtc
Gerp,Kw
Gk,Zh
Gln,Sbk
Gn,Gerp
Gn,Gnn
Gnd,Hbzm
Gnn,Swd
Go,Ddn
Gp,Hze
Gr,Bhdv
Gs,Arn
Gv,Gvc
Gv,Gvmw
Gvc,Vb
Gvm,Laa
Gv,Laa
Gvmw,Rsw
Gw,Lw
Gz,Tbr
Had,Hil
Hd,Ns
Hdb,Gbg
Hde,Wz
Hdg,Vwd
Hdrz,Hdr
Hdrz,Ana
Hfd,Nvp
Hgl,Esd
Hgl,Hglo
Hglg,Hgl
Hglo,Odz
Hgv,Bl
Hgz,Spm
Hil,Vh
Hk,Utg
Hks,Bkg
Hld,Hlds
Hlg,Fn
Hlm,Bll
Hlm,Ovn
Hlm,Had
Hlms,Hlm
Hlo,Cas
Hm,Hmh
Hmbh,Hm
Hmh,Hmbv
Hmn,Op
Hn,Hnk
Hnk,Hks
Hno,Rat
Hnp,Kmw
Hon,Rsn
Hor,Utm
Hr,Akm
Hrl,Hrlk
Hrl,Hb
Hrl,Hrlw
Hrlk,Lg
Hrlw,Vdl
Hrn,Gerp
Hrt,Dn
Hrt,Br
Hry,Hr
Ht,Vg
Ht,Hto
Htn,Htnc
Htnc,Cl
Hto,Rs
Hvl,Apd
Hvl,Bnn
Hvs,Brn
Hvsm,Hvs
Hvsn,Hvs
Hvsp,Hvs
Hvsp,Hor
Hwzb,Hlms
Hwd,Obd
Hwd,Amrn
Hze,Mz
IJt,Wk
Kbd,Krg
Kbk,Vem
Klp,Ed
Kma,Wm
Kma,Utg
Kmr,Sog
Kmw,Stv
Krg,Bzl
Ktr,Tl
Kw,Mth
Kzd,Kbw
Laa,Gvc
Lc,Go
Ldm,Akl
Ledn,Dvnk
Ledn,Ldl
Lg,Egh
Lg,Eghm
Lls,Dron
Lp,Apg
Btl,Bet
Ltn,Edc
Ltv,Www
Lw,Dei
Lw,Mg
Lw,Adh
Lwc,Hdg
Mas,Utzl
Mdb,Vss
Mg,Sknd
Mmlh,Ck
Mp,Swk
Mp,Hgv
Mrb,Hdb
Mrn,Klp
Mrn,Vndw
Mss,Msw
Msw,Hld
Mth,Hgz
Mt,Bde
Mt,Mtn
Mtn,Mes
Mtr,Mt
Mz,Wt
Na,Emnz
Ndb,Bsmz
Nh,Hb
Nkk,Pt
Nm,Nmd
Nm,Nmh
Nmh,Mmlh
Nml,Nm
Ns,Hde
Nsch,Wr
Nvp,Ssh
Nwk,Cps
Nwl,Vdo
O,Rvs
Obd,Hn
Odb,Rsd
Odz,Bh
Omn,Mrb
Op,Ktr
Ost,Wh
Ot,Btl
Ovn,Zvt
Ow,O
Pmo,Hn
Pmr,Pmo
Pmw,Pmr
Pt,Eml
Rai,Asdz
Asb,Rai
Rat,Nvd
Rb,Kbd
Rh,Dr
Rl,Ltv
Rtd,Hsbdg
Rlb,Rtst
Rm,Ec
Rs,Ow
Rsd,Esn
Rsd,Bgn
Rsn,Wdn
Rsw,Dt
Rtb,Rtd
Rtd,Shl
Rtn,Rta
Rtn,Rtd
Rtst,Rtz
Rtz,Rtb
Rv,Tg
Rvs,Wc
Sbk,Sn
Sda,Ws
Sdm,Nwl
Sdm,Rtn
Sdm,Rtd
Sdt,Sdtb
Sgl,Mes
Sgn,Hwd
Shl,Asdl
Shl,Hfd
Sk,IJt
Sknd,Sk
Sm,Rv
Sm,Rm
Sn,Nh
Sog,Vk
Spm,Zb
Sptn,Drh
Sptz,Sptn
Srn,Ec
Srn,Std
Ssh,Ledn
St,Sd
Std,Lut
Std,Gln
Stm,Lp
Stz,St
Swd,Bdm
Swd,Wsm
Swk,Wv
Tb,Ht
Tb,Ot
Tbg,Gdr
Tbr,Tbu
Tbu,Tb
Tl,Tpsw
Twl,Dv
Uhm,Rd
Uhz,Uhm
Ust,Uhz
Ut,Utzl
Ut,Utlr
Ut,Uto
Utl,Htn
Utlr,Utt
Utm,Ut
Uto,Hor
Uto,Bhv
Utt,Vtn
Ut,Utl
Ut,Bnk
Vb,Gv
Vd,Rl
Vdg,Vdw
Vdl,Kmr
Vdo,Vdg
Vdw,Mss
Vem,Zp
Vg,Btl
Vh,Ledn
Vhp,Da
Vk,Sgl
Vl,Br
Vl,Tg
Vlb,Vry
Vndc,Rhn
Vndw,Vndc
Vp,Rh
Vry,Br
Vss,Vs
Vst,Gvm
Vsv,Tbg
Vtn,Wd
Vwd,Zww
Wad,Wadn
Wadn,Bsk
Wc,Nmd
Wd,Bdg
Wd,Gdg
Wdn,Nvd
Wf,Otb
Wfm,Ust
Wh,Zl
Wk,Hnp
Wl,Did
Wm,Kzd
Wp,Ndb
Ws,Nsch
Wsm,Bf
Wt,Rm
Wtv,Dvn
Wv,Hry
Wv,Hr
Ww,Atn
Www,Ww
Ypb,Vb
Za,Hmn
Zb,Sda
Zb,Vdm
Zbm,Ht
Zd,Kbw
Zd,Zdk
Zdk,Pmw
Zh,Gn
Zl,Mp
Zl,Dl
Zl,Wz
Zl,Kpnz
Zl,Kpn
Zl,Hno
Zlw,Zvb
Zlw,Ddzd
Zp,Vd
Zp,Dv
Zp,Lc
Ztm,Ypb
Ztmo,Ztm
Zv,Did
Zvb,Odb
Zwd,Brd
Zww,Bp
